ligand	mutation	overlapping_volume
ADN	G810S	0.23362071350097657
ADN	G810S	0.2941890466308594
ADN	G810S	0.3287995227050781
ADN	G810S	0.17305238037109374
ADN	G810S	0.2163154754638672
ADN	G810S	0.22496809448242186
ADN	G810S	0.2855364276123047
ADN	G810S	0.32014690368652343
ADN	G810S	0.22496809448242186
ADN	G810S	0.25092595153808595
ADN	WT	0.30284166564941406
ADN	WT	0.23362071350097657
ADN	WT	0.2941890466308594
ADN	WT	0.27688380859375
ADN	WT	0.3547573797607422
ADN	WT	0.18170499938964846
ADN	WT	0.30284166564941406
ADN	WT	0.31149428466796875
ADN	WT	0.24227333251953123
ADN	WT	0.27688380859375
Vandetanib	WT	0.22453070556640625
Vandetanib	WT	0.22453070556640625
Vandetanib	WT	0.2041188232421875
Vandetanib	WT	0.14288317626953123
Vandetanib	WT	0.22453070556640625
Vandetanib	WT	0.10205941162109375
Vandetanib	WT	0.08164752929687501
Vandetanib	WT	0.1224712939453125
Vandetanib	WT	0.14288317626953123
Vandetanib	WT	0.10205941162109375
Vandetanib	G810S	1.6533624682617187
Vandetanib	G810S	1.4084198803710937
Vandetanib	G810S	1.1838891748046876
Vandetanib	G810S	1.2655367041015626
Vandetanib	G810S	1.4696555273437502
Vandetanib	G810S	1.5921268212890625
Vandetanib	G810S	0.9389465869140625
Vandetanib	G810S	1.4084198803710937
Vandetanib	G810S	1.4288317626953124
Vandetanib	G810S	1.3267723510742186
