ligand	mutation	overlapping_volume
ADN	G810R	0.3374521417236328
ADN	WT	0.2855364276123047
Vandetanib	G810R	0.8777109399414063
Vandetanib	WT	0.14288317626953123
